"12 USURPER PDE,MONA VALE,NSW 2103"
"1 HIGH ST,HUNTERS HILL,NSW 2110"
"123 ROBBERS BVD,HOBART,TAS 7000"
"7 87 GREAT NORTH RD,SUITE 6,FIVE DOCK,NSW 2046"
"T AND G BUILDING,LEVEL 9,82 KING WILLIAM ST,ADELAIDE,SA 5000"
"PARKLANDS CHAPEL 1 3 BASS HWY,BURNIE,TAS 7320"
"62 64 LEEDS ST,FOOTSCRAY,VIC 3011"
"34 REDMYRE RD,STRATHFIELD,NSW 2135"
"5 3GEORGE ST,STRATHFIELD,NSW 2135"
"66 BELMORE ST,RYDE,NSW 2112"
"21 HILLCREST AVE,EPPING,NSW 2121"
"1 HIGH STREET,LOWER SLAUGHTER"
"123 CUSTOMER ST,CHATSWOOD,NSW 2067"
"54 WETHERIL ST,NEWINGTON,NSW 2127"
"26 OWENS AVE,NEWINGTON,NSW 2127"
"MASPETH NY 11378"
"29 BLAKE ST,NATHALIA,VIC 3638"
"MANLY BRANCH,879 THE PARKWAY,MANLY,NSW 2095"
"2 45 MARLBOROUGH RD,HOMEBUSH WEST,NSW 2140"
"24 325 FREDERICK ST,ASHFIELD,NSW 2131"
"75 BANFF ST,RESERVOIR,VIC 3073"
"2/11-13 DRYDEN ST,CAMPSIE,NSW 2194"
"5 SMITH ST PERRY NY 03777"
"1599 FIRST AVENUE SEATTLE WASHINGTON"
"ADELAIDE,SA 5000"
"173 OCEAN RD,PORT MACQUARIE,NSW 2444"
"8200 MID WEST BLVDE,SAN FRANCISCO,CA"
"4 PRIVET DRIVE,LITTLE WHINGING,SURREY SU4A 4HP"
"123 CHARLIE ST,CHATSWOOD,NSW 2067"
"2/10 CHADSWICK RD,GREENACRE,NSW 2190"
"18 MITCHELL RD,WALLISTON,WA 6076"
"58 BLAXLAND RD,RHODES,NSW 2138"
"13/249 MARSDEN RD,CARLINGFORD,NSW 2118"
"44/8 WYLDE ST,POTTS POINT,NSW 2011"
"EDUCATION LODGE,103 HARDGRAVE RD,BRISBANE,HIGHGATE HILL,QLD 4101"
"25 FOORD AVE,HURLSTONE PARK,NSW 2193"
"40 DUMARESQ ST,HAMILTON EAST,NSW 2303"
"52 4 BERESFORD RD,STRATHFIELD,NSW 2135"
"604/5-7 ALBERT RD,STRATHFIELD,NSW 2135"
"6/17 CHURCH ST,ASHFIELD,NSW 2131"
"40 STATION ST,HOMEBUSH,NSW 2140"
"22 MARGARET ST,STRATHFIELD,NSW 2135"
"119 ALEXANDER AVE,THOMASTOWN,VIC 3074"
"24/29-31 CARCOOLA ST,CANLEY VALE,NSW 2166"
"61A HAMPTON AVE,MOONAH,TAS 7009"
"495 COLLINS ST,MELBOURNE,VIC 3000"
"LIVERPOOL,NSW 2170"
"ARGENTINA Avenida, LIMA, Peru"
"PLAZA BEATAS 10,LIVERPOOL,NSW 2170"
"123 COMANDANTA DR,LIVERPOOL,NSW 2170"
"14 21 BURWOOD RD,BURWOOD HEIGHTS,NSW 2136"
"7/4 BURLINGTON RD,HOMEBUSH,NSW 2140"
"SYDNEY,NSW 2000"
"688 HAWTHORN RD,BRIGHTON EAST,VIC 3187"
"39 PROSPECT HILL RD,CAMBERWELL,VIC 3124"
"2 SOUTH JOHNSTON AVE,AUBURN,NSW 2144"
"2 BARTON AVE,SYDNEY,NSW 2000"
"421 BENNETT AVE,STRATHFIELD,NSW 2135"
"21 DEAN ST,STRATHFIELD,NSW 2135"
"5/850,PASCOE VALE RD GLEN ROY,VIC 3046"
"63 LANDSCAPE DR,MOOROOLBARK,VIC 3138"
"388 COLLINS ST,MELBOURNE,VIC 3000"
"24/324 QUEEN ST,BRISBANE,QLD 4000"
"7 BARR AVE,SHELLY BEACH,QLD 4551"
"6/1-3 DAY ST,LEICHHARDT,NSW 2040"
"UNIT 0,N570 DOUKEE ST,MELBOURNE,VIC 3000"
"563 PACIFIC HIGHWAY,SYDNEY,NSW 2000"
"821 PACIFIC HIGHWAY,MELBOURNE,VIC 3000"
"PARRAMATTA,NSW 2150"
"144 BRISBANE ST,IPSWICH,QLD 4305"
"1 BRISBANE ST,IPSWICH,QLD 4305"
"96 PITT ST,NEWSTEAD,QLD 4006"
"STREET,SUBURB,NSW 5621"
"22 ANSLEM ST,STRATHFIELD,NSW 2135"
"212 WILSON ST,STRATHFIELD,NSW 2135"
"53 LASCALLES ST,GREENACRE,NSW 2190"
"LEVEL 3,CORNER PITT STREET AND MARTIN PL,SYDNEY,NSW 1044"
"48 MARTIN PL,SYDNEY,NSW 2000"
"6/20-22 ETHEL ST,BURWOOD,NSW 2134"
"3/24 BURLINGTON RD,HOMEBUSH,NSW 2140"
"98 WILLIAM ST,LEICHHARDT,NSW 2040"
"19 KNIGHTSBRIDGE AVE,GLENWOOD,NSW 2768"
"2 S JOHNSTON AVE,AUBURN,NSW 2144"
"39 TELOPEA ST,PUNCHBOWL,NSW 2196"
"45 CORINDA ST,ST JOHNS PARK,NSW 2176"
"ADDRESS-002,BAULKHAM HILLS,NSW 2153"
"13-16 13-16 ILLAWARRA HIGHWAY,ROBERTSON,NSW 2577"
"91 HIGH ST,CABRAMATTA WEST,NSW 2166"
"48 AIRLIE ST,ASHTONFIELD,NSW 2323"
"3531 158 SOI CHALAEMNIMIT 5 CHALAEM NIMIT RD BANGKHLO BANKOLAEM BANGKOK"
"UNIT 901 YUHWA BLDG 1305 2 SEOCHO DONG SEOCHO GU SEOUL KOREA"
"SUITE 9/209-211 WINDSOR ST,RICHMOND,NSW 2753"
"16 WATTLEBIRD PL,GLENWOOD,NSW 2768"
"193 JOHN ST,CARBRAMATTA,NSW"
"1 WATTLEBIRD PL,GLENWOOD,NSW 2768"
"68/15 HERBERT ST,NAREMBURN,NSW 2065"
"4 ORCHARD CLOSE YEOVIL SOMERSET BA229BL UNITED KINGDOM"
"9 BANGKAI ROAD, BANGKOK"
"6 CALLAWA WAY,NEWMAN,WA 6753"
"4 CORINDA ST,ST JOHNS PARK,NSW 2176"
"12 USURPER PDE,MONA VALE,NSW 2103"
"1 HIGH ST,HUNTERS HILL,NSW 2110"
"123 ROBBERS BVD,HOBART,TAS 7000"
"7 87 GREAT NORTH RD,SUITE 6,FIVE DOCK,NSW 2046"
"T AND G BUILDING,LEVEL 9,82 KING WILLIAM ST,ADELAIDE,SA 5000"
"PARKLANDS CHAPEL 1 3 BASS HWY,BURNIE,TAS 7320"
"62 64 LEEDS ST,FOOTSCRAY,VIC 3011"
"34 REDMYRE RD,STRATHFIELD,NSW 2135"
"5 3GEORGE ST,STRATHFIELD,NSW 2135"
"66 BELMORE ST,RYDE,NSW 2112"
"21 HILLCREST AVE,EPPING,NSW 2121"
"1 HIGH STREET,LOWER SLAUGHTER"
"123 CUSTOMER ST,CHATSWOOD,NSW 2067"
"54 WETHERIL ST,NEWINGTON,NSW 2127"
"26 OWENS AVE,NEWINGTON,NSW 2127"
"MASPETH NY 11378"
"29 BLAKE ST,NATHALIA,VIC 3638"
"MANLY BRANCH,879 THE PARKWAY,MANLY,NSW 2095"
"2 45 MARLBOROUGH RD,HOMEBUSH WEST,NSW 2140"
"24 325 FREDERICK ST,ASHFIELD,NSW 2131"
"75 BANFF ST,RESERVOIR,VIC 3073"
"2/11-13 DRYDEN ST,CAMPSIE,NSW 2194"
"5 SMITH ST PERRY NY 03777"
"1599 FIRST AVENUE SEATTLE WASHINGTON"
"ADELAIDE,SA 5000"
"173 OCEAN RD,PORT MACQUARIE,NSW 2444"
"8200 MID WEST BLVDE,SAN FRANCISCO,CA"
"4 PRIVET DRIVE,LITTLE WHINGING,SURREY SU4A 4HP"
"123 CHARLIE ST,CHATSWOOD,NSW 2067"
"2/10 CHADSWICK RD,GREENACRE,NSW 2190"
"18 MITCHELL RD,WALLISTON,WA 6076"
"58 BLAXLAND RD,RHODES,NSW 2138"
"13/249 MARSDEN RD,CARLINGFORD,NSW 2118"
"44/8 WYLDE ST,POTTS POINT,NSW 2011"
"EDUCATION LODGE,103 HARDGRAVE RD,BRISBANE,HIGHGATE HILL,QLD 4101"
"25 FOORD AVE,HURLSTONE PARK,NSW 2193"
"40 DUMARESQ ST,HAMILTON EAST,NSW 2303"
"52 4 BERESFORD RD,STRATHFIELD,NSW 2135"
"604/5-7 ALBERT RD,STRATHFIELD,NSW 2135"
"6/17 CHURCH ST,ASHFIELD,NSW 2131"
"40 STATION ST,HOMEBUSH,NSW 2140"
"22 MARGARET ST,STRATHFIELD,NSW 2135"
"119 ALEXANDER AVE,THOMASTOWN,VIC 3074"
"24/29-31 CARCOOLA ST,CANLEY VALE,NSW 2166"
"61A HAMPTON AVE,MOONAH,TAS 7009"
"495 COLLINS ST,MELBOURNE,VIC 3000"
"LIVERPOOL,NSW 2170"
"ARGENTINA Avenida, LIMA, Peru"
"PLAZA BEATAS 10,LIVERPOOL,NSW 2170"
"123 COMANDANTA DR,LIVERPOOL,NSW 2170"
"14 21 BURWOOD RD,BURWOOD HEIGHTS,NSW 2136"
"7/4 BURLINGTON RD,HOMEBUSH,NSW 2140"
"SYDNEY,NSW 2000"
"688 HAWTHORN RD,BRIGHTON EAST,VIC 3187"
"39 PROSPECT HILL RD,CAMBERWELL,VIC 3124"
"2 SOUTH JOHNSTON AVE,AUBURN,NSW 2144"
"2 BARTON AVE,SYDNEY,NSW 2000"
"421 BENNETT AVE,STRATHFIELD,NSW 2135"
"21 DEAN ST,STRATHFIELD,NSW 2135"
"5/850,PASCOE VALE RD GLEN ROY,VIC 3046"
"63 LANDSCAPE DR,MOOROOLBARK,VIC 3138"
"388 COLLINS ST,MELBOURNE,VIC 3000"
"24/324 QUEEN ST,BRISBANE,QLD 4000"
"7 BARR AVE,SHELLY BEACH,QLD 4551"
"6/1-3 DAY ST,LEICHHARDT,NSW 2040"
"UNIT 0,N570 DOUKEE ST,MELBOURNE,VIC 3000"
"563 PACIFIC HIGHWAY,SYDNEY,NSW 2000"
"821 PACIFIC HIGHWAY,MELBOURNE,VIC 3000"
"PARRAMATTA,NSW 2150"
"144 BRISBANE ST,IPSWICH,QLD 4305"
"1 BRISBANE ST,IPSWICH,QLD 4305"
"96 PITT ST,NEWSTEAD,QLD 4006"
"STREET,SUBURB,NSW 5621"
"22 ANSLEM ST,STRATHFIELD,NSW 2135"
"212 WILSON ST,STRATHFIELD,NSW 2135"
"53 LASCALLES ST,GREENACRE,NSW 2190"
"LEVEL 3,CORNER PITT STREET AND MARTIN PL,SYDNEY,NSW 1044"
"48 MARTIN PL,SYDNEY,NSW 2000"
"6/20-22 ETHEL ST,BURWOOD,NSW 2134"
"3/24 BURLINGTON RD,HOMEBUSH,NSW 2140"
"98 WILLIAM ST,LEICHHARDT,NSW 2040"
"19 KNIGHTSBRIDGE AVE,GLENWOOD,NSW 2768"
"2 S JOHNSTON AVE,AUBURN,NSW 2144"
"39 TELOPEA ST,PUNCHBOWL,NSW 2196"
"45 CORINDA ST,ST JOHNS PARK,NSW 2176"
"ADDRESS-002,BAULKHAM HILLS,NSW 2153"
"13-16 13-16 ILLAWARRA HIGHWAY,ROBERTSON,NSW 2577"
"91 HIGH ST,CABRAMATTA WEST,NSW 2166"
"48 AIRLIE ST,ASHTONFIELD,NSW 2323"
"3531 158 SOI CHALAEMNIMIT 5 CHALAEM NIMIT RD BANGKHLO BANKOLAEM BANGKOK"
"UNIT 901 YUHWA BLDG 1305 2 SEOCHO DONG SEOCHO GU SEOUL KOREA"
"SUITE 9/209-211 WINDSOR ST,RICHMOND,NSW 2753"
"16 WATTLEBIRD PL,GLENWOOD,NSW 2768"
"193 JOHN ST,CARBRAMATTA,NSW"
"1 WATTLEBIRD PL,GLENWOOD,NSW 2768"
"68/15 HERBERT ST,NAREMBURN,NSW 2065"
"4 ORCHARD CLOSE YEOVIL SOMERSET BA229BL UNITED KINGDOM"
"9 BANGKAI ROAD, BANGKOK"
"6 CALLAWA WAY,NEWMAN,WA 6753"
"4 CORINDA ST,ST JOHNS PARK,NSW 2176"
"12 USURPER PDE,MONA VALE,NSW 2103"
"1 HIGH ST,HUNTERS HILL,NSW 2110"
"123 ROBBERS BVD,HOBART,TAS 7000"
"7 87 GREAT NORTH RD,SUITE 6,FIVE DOCK,NSW 2046"
"T AND G BUILDING,LEVEL 9,82 KING WILLIAM ST,ADELAIDE,SA 5000"
"PARKLANDS CHAPEL 1 3 BASS HWY,BURNIE,TAS 7320"
"62 64 LEEDS ST,FOOTSCRAY,VIC 3011"
"34 REDMYRE RD,STRATHFIELD,NSW 2135"
"5 3GEORGE ST,STRATHFIELD,NSW 2135"
"66 BELMORE ST,RYDE,NSW 2112"
"21 HILLCREST AVE,EPPING,NSW 2121"
"1 HIGH STREET,LOWER SLAUGHTER"
"123 CUSTOMER ST,CHATSWOOD,NSW 2067"
"54 WETHERIL ST,NEWINGTON,NSW 2127"
"26 OWENS AVE,NEWINGTON,NSW 2127"
"MASPETH NY 11378"
"29 BLAKE ST,NATHALIA,VIC 3638"
"MANLY BRANCH,879 THE PARKWAY,MANLY,NSW 2095"
"2 45 MARLBOROUGH RD,HOMEBUSH WEST,NSW 2140"
"24 325 FREDERICK ST,ASHFIELD,NSW 2131"
"75 BANFF ST,RESERVOIR,VIC 3073"
"2/11-13 DRYDEN ST,CAMPSIE,NSW 2194"
"5 SMITH ST PERRY NY 03777"
"1599 FIRST AVENUE SEATTLE WASHINGTON"
"ADELAIDE,SA 5000"
"173 OCEAN RD,PORT MACQUARIE,NSW 2444"
"8200 MID WEST BLVDE,SAN FRANCISCO,CA"
"4 PRIVET DRIVE,LITTLE WHINGING,SURREY SU4A 4HP"
"123 CHARLIE ST,CHATSWOOD,NSW 2067"
"2/10 CHADSWICK RD,GREENACRE,NSW 2190"
"18 MITCHELL RD,WALLISTON,WA 6076"
"58 BLAXLAND RD,RHODES,NSW 2138"
"13/249 MARSDEN RD,CARLINGFORD,NSW 2118"
"44/8 WYLDE ST,POTTS POINT,NSW 2011"
"EDUCATION LODGE,103 HARDGRAVE RD,BRISBANE,HIGHGATE HILL,QLD 4101"
"25 FOORD AVE,HURLSTONE PARK,NSW 2193"
"40 DUMARESQ ST,HAMILTON EAST,NSW 2303"
"52 4 BERESFORD RD,STRATHFIELD,NSW 2135"
"604/5-7 ALBERT RD,STRATHFIELD,NSW 2135"
"6/17 CHURCH ST,ASHFIELD,NSW 2131"
"40 STATION ST,HOMEBUSH,NSW 2140"
"22 MARGARET ST,STRATHFIELD,NSW 2135"
"119 ALEXANDER AVE,THOMASTOWN,VIC 3074"
"24/29-31 CARCOOLA ST,CANLEY VALE,NSW 2166"
"61A HAMPTON AVE,MOONAH,TAS 7009"
"495 COLLINS ST,MELBOURNE,VIC 3000"
"LIVERPOOL,NSW 2170"
"ARGENTINA Avenida, LIMA, Peru"
"PLAZA BEATAS 10,LIVERPOOL,NSW 2170"
"123 COMANDANTA DR,LIVERPOOL,NSW 2170"
"14 21 BURWOOD RD,BURWOOD HEIGHTS,NSW 2136"
"7/4 BURLINGTON RD,HOMEBUSH,NSW 2140"
"SYDNEY,NSW 2000"
"688 HAWTHORN RD,BRIGHTON EAST,VIC 3187"
"39 PROSPECT HILL RD,CAMBERWELL,VIC 3124"
"2 SOUTH JOHNSTON AVE,AUBURN,NSW 2144"
"2 BARTON AVE,SYDNEY,NSW 2000"
"421 BENNETT AVE,STRATHFIELD,NSW 2135"
"21 DEAN ST,STRATHFIELD,NSW 2135"
"5/850,PASCOE VALE RD GLEN ROY,VIC 3046"
"63 LANDSCAPE DR,MOOROOLBARK,VIC 3138"
"388 COLLINS ST,MELBOURNE,VIC 3000"
"24/324 QUEEN ST,BRISBANE,QLD 4000"
"7 BARR AVE,SHELLY BEACH,QLD 4551"
"6/1-3 DAY ST,LEICHHARDT,NSW 2040"
"UNIT 0,N570 DOUKEE ST,MELBOURNE,VIC 3000"
"563 PACIFIC HIGHWAY,SYDNEY,NSW 2000"
"821 PACIFIC HIGHWAY,MELBOURNE,VIC 3000"
"PARRAMATTA,NSW 2150"
"144 BRISBANE ST,IPSWICH,QLD 4305"
"1 BRISBANE ST,IPSWICH,QLD 4305"
"96 PITT ST,NEWSTEAD,QLD 4006"
"STREET,SUBURB,NSW 5621"
"22 ANSLEM ST,STRATHFIELD,NSW 2135"
"212 WILSON ST,STRATHFIELD,NSW 2135"
"53 LASCALLES ST,GREENACRE,NSW 2190"
"LEVEL 3,CORNER PITT STREET AND MARTIN PL,SYDNEY,NSW 1044"
"48 MARTIN PL,SYDNEY,NSW 2000"
"6/20-22 ETHEL ST,BURWOOD,NSW 2134"
"3/24 BURLINGTON RD,HOMEBUSH,NSW 2140"
"98 WILLIAM ST,LEICHHARDT,NSW 2040"
"19 KNIGHTSBRIDGE AVE,GLENWOOD,NSW 2768"
"2 S JOHNSTON AVE,AUBURN,NSW 2144"
"39 TELOPEA ST,PUNCHBOWL,NSW 2196"
"45 CORINDA ST,ST JOHNS PARK,NSW 2176"
"ADDRESS-002,BAULKHAM HILLS,NSW 2153"
"13-16 13-16 ILLAWARRA HIGHWAY,ROBERTSON,NSW 2577"
"91 HIGH ST,CABRAMATTA WEST,NSW 2166"
"48 AIRLIE ST,ASHTONFIELD,NSW 2323"
"3531 158 SOI CHALAEMNIMIT 5 CHALAEM NIMIT RD BANGKHLO BANKOLAEM BANGKOK"
"UNIT 901 YUHWA BLDG 1305 2 SEOCHO DONG SEOCHO GU SEOUL KOREA"
"SUITE 9/209-211 WINDSOR ST,RICHMOND,NSW 2753"
"16 WATTLEBIRD PL,GLENWOOD,NSW 2768"
"193 JOHN ST,CARBRAMATTA,NSW"
"1 WATTLEBIRD PL,GLENWOOD,NSW 2768"
"68/15 HERBERT ST,NAREMBURN,NSW 2065"
"4 ORCHARD CLOSE YEOVIL SOMERSET BA229BL UNITED KINGDOM"
"9 BANGKAI ROAD, BANGKOK"
"6 CALLAWA WAY,NEWMAN,WA 6753"
"4 CORINDA ST,ST JOHNS PARK,NSW 2176"